,average,changeOverTime,close,date,high,label,low,marketAverage,marketChangeOverTime,marketClose,marketHigh,marketLow,marketNotional,marketNumberOfTrades,marketOpen,marketVolume,minute,notional,numberOfTrades,open,volume
0,188.332,0.0,188.26,20190319,188.57,09:30 AM,188.01,188.327,0.0,188.279,188.57,188.0,109705212.2957,1636,188.35,582525,09:30,789674.13,62,188.44,4193
1,188.519,0.0009929273835567606,188.41,20190319,188.83,09:31 AM,188.265,188.503,0.0009345447015031712,188.52,188.83,188.25,56204699.8851,1366,188.28,298163,09:31,671127.53,57,188.265,3560
2,188.645,0.0016619586687340261,188.72,20190319,188.74,09:32 AM,188.48,188.625,0.001582354096863444,188.68,188.76,188.41,33414378.882,669,188.5,177147,09:32,312584.705,21,188.48,1657
3,188.73,0.0021132892976233257,188.76,20190319,188.775,09:33 AM,188.67,188.735,0.0021664445353030393,188.74,188.8,188.65,29125222.9022,744,188.69,154318,09:33,643380.58,40,188.67,3409
4,188.608,0.0014654971008644865,188.68,20190319,188.71,09:34 AM,188.52,188.615,0.001529254966096263,188.65,188.78,188.52,26366292.9141,501,188.77,139789,09:34,505093.2,32,188.71,2678
5,188.826,0.002623027419663147,188.79,20190319,188.95,09:35 AM,188.68,188.84,0.002723985408358893,188.78,188.99,188.66,40332475.3453,1235,188.67,213580,09:35,473008.12,31,188.68,2505
6,188.911,0.0030743580485525974,188.89,20190319,188.945,09:36 AM,188.85,188.912,0.0031062991498829588,188.873,188.962,188.79,20690624.9131,491,188.79,109525,09:36,269576.175,21,188.85,1427
7,188.929,0.0031699339464350638,188.99,20190319,188.99,09:37 AM,188.83,188.919,0.003143468541420046,188.97,188.99,188.83,17504658.9178,427,188.87,92657,09:37,277725.07,23,188.83,1470
8,188.844,0.0027186033175456135,188.75,20190319,188.98,09:38 AM,188.71,188.82,0.00261778714682438,188.73,188.969,188.71,17469425.1315,411,188.95,92519,09:38,370323.375,29,188.98,1961
9,188.602,0.0014336384682369977,188.52,20190319,188.81,09:39 AM,188.49,188.676,0.0018531596637762484,188.52,188.84,188.49,26641481.9264,590,188.73,141202,09:39,856063.66,30,188.75,4539
10,188.406,0.0003929231357390793,188.38,20190319,188.53,09:40 AM,188.27,188.37,0.00022832626229911997,188.39,188.58,188.25,27670082.5633,617,188.53,146892,09:40,341015.63,25,188.52,1810
11,188.218,-0.0006053140199222879,188.1,20190319,188.39,09:41 AM,188.09,188.21,-0.0006212598299765314,188.15,188.41,188.08,20507369.399,556,188.39,108960,09:41,447206.66,41,188.39,2376
12,188.127,-0.0010885032814390763,188.1,20190319,188.15,09:42 AM,188.1,188.15,-0.0009398546145799195,188.14,188.25,188.07,22804773.8759,523,188.142,121205,09:42,142412.13,10,188.14,757
13,188.284,-0.0002548690610199107,188.38,20190319,188.41,09:43 AM,188.14,188.287,-0.0002123965230688751,188.378,188.416,188.13,26695473.5019,365,188.15,141781,09:43,186024.47,11,188.14,988
14,188.443,0.0005893847036086189,188.52,20190319,188.61,09:44 AM,188.37,188.513,0.0009876438322705032,188.52,188.64,188.36,24199190.2062,572,188.37,128369,09:44,851010.08,28,188.37,4516
15,188.583,0.0013327527982499245,188.61,20190319,188.72,09:45 AM,188.47,188.587,0.0013805773999479146,188.63,188.72,188.439,21067287.2342,483,188.53,111711,09:45,404323.1,23,188.53,2144
16,188.508,0.0009345198904063895,188.54,20190319,188.67,09:46 AM,188.4,188.49,0.0008655158315058962,188.527,188.67,188.38,23996695.7993,511,188.62,127310,09:46,397752.99,24,188.67,2110
17,188.501,0.0008973514856742941,188.565,20190319,188.6,09:47 AM,188.37,188.474,0.0007805572222782254,188.57,188.612,188.34,19287326.1681,494,188.52,102334,09:47,694628.15,39,188.5,3685
18,188.554,0.001178769407217087,188.5,20190319,188.64,09:48 AM,188.5,188.579,0.0013380980953342301,188.5,188.65,188.5,12747972.1972,356,188.56,67600,09:48,495330.48,27,188.54,2627
19,188.441,0.0005787651593994056,188.29,20190319,188.52,09:49 AM,188.29,188.418,0.0004832020899818305,188.274,188.54,188.26,16660647.6263,336,188.48,88424,09:49,249119.52,16,188.48,1322
20,188.204,-0.0006796508293863279,188.15,20190319,188.3,09:50 AM,188.15,188.228,-0.000525681394595515,188.15,188.3,188.13,19587771.9505,435,188.277,104064,09:50,252758.46,20,188.23,1343
21,188.258,-0.0003929231357389284,188.28,20190319,188.32,09:51 AM,188.17,188.252,-0.0003982434807541597,188.27,188.32,188.14,13478507.7755,356,188.16,71598,09:51,230427.7,16,188.17,1224
22,188.429,0.000515047894144428,188.53,20190319,188.53,09:52 AM,188.38,188.435,0.0005734706122860986,188.47,188.559,188.27,13689790.0648,302,188.27,72650,09:52,413600.8,23,188.38,2195
23,188.524,0.0010194762440796428,188.625,20190319,188.625,09:53 AM,188.475,188.558,0.0012265899207229687,188.648,188.65,188.47,10348060.631,252,188.47,54880,09:53,170048.73,10,188.475,902
24,188.584,0.001338062570354531,188.48,20190319,188.66,09:54 AM,188.46,188.557,0.0012212800076462206,188.47,188.66,188.44,26596950.1503,634,188.65,141055,09:54,604412.855,37,188.635,3205
25,188.386,0.0002867276936473995,188.37,20190319,188.47,09:55 AM,188.31,188.37,0.00022832626229911997,188.385,188.5,188.283,19291950.8178,381,188.48,102415,09:55,319126.25,16,188.47,1694
26,188.484,0.0008070853598964342,188.52,20190319,188.55,09:56 AM,188.38,188.475,0.0007858671353549737,188.52,188.56,188.375,19758797.1873,468,188.4,104835,09:56,390350.28,22,188.415,2071
27,188.365,0.00017522247945126406,188.17,20190319,188.53,09:57 AM,188.17,188.278,-0.0002601857407594588,188.19,188.54,188.14,21268261.4832,483,188.54,112962,09:57,321162.35,19,188.53,1705
28,188.262,-0.00037168404732065277,188.14,20190319,188.37,09:58 AM,188.14,188.256,-0.00037700382844731747,188.155,188.37,188.12,20188966.2461,513,188.195,107242,09:58,436202.59,29,188.19,2317
29,188.166,-0.0008814221693604742,188.15,20190319,188.23,09:59 AM,188.12,188.168,-0.000844276179198903,188.15,188.28,188.11,24352354.382,631,188.15,129418,09:59,429206.65,25,188.15,2281
30,188.274,-0.0003079667820656751,188.28,20190319,188.29,10 AM,188.19,188.243,-0.00044603269844474335,188.25,188.3,188.16,16784707.3972,369,188.16,89165,10:00,239673.54,12,188.19,1273
31,188.186,-0.0007752267272687944,188.155,20190319,188.31,10:01 AM,188.14,188.239,-0.0004672723507515856,188.19,188.34,188.11,22127677.421,461,188.25,117551,10:01,433016.91,17,188.26,2301
32,188.221,-0.000589384703608468,188.22,20190319,188.24,10:02 AM,188.19,188.224,-0.000546921046902508,188.2,188.26,188.19,10552017.724,321,188.2,56061,10:02,357620.5,18,188.2,1900
33,188.041,-0.0015451436824331331,187.94,20190319,188.2,10:03 AM,187.94,188.017,-0.0016460730537841215,187.92,188.21,187.89,48356014.3293,1020,188.2,257190,10:03,389808.01,24,188.2,2073
34,187.937,-0.0020973599813095055,187.88,20190319,187.97,10:04 AM,187.88,187.918,-0.0021717544483796365,187.861,187.99,187.83,17648921.1738,526,187.93,93918,10:04,196769.99,12,187.95,1047
35,188.072,-0.0013805407471910822,188.055,20190319,188.15,10:05 AM,187.95,188.071,-0.0013593377476410723,188.03,188.157,187.89,26166950.0127,595,187.89,139133,10:05,623081.235,34,187.95,3313
36,187.918,-0.002198245651296579,187.85,20190319,188.05,10:06 AM,187.85,187.922,-0.0021505147960727946,187.865,188.06,187.85,14308770.6641,375,188.04,76142,10:06,190548.45,13,188.05,1014
37,187.999,-0.001768154110825555,188.01,20190319,188.125,10:07 AM,187.87,187.987,-0.0018053704460858158,187.98,188.13,187.86,18928798.5962,434,187.87,100692,10:07,304182.305,23,187.89,1618
38,188.02,-0.0016566488966292686,188.08,20190319,188.08,10:08 AM,187.98,188.046,-0.0014920855745591758,188.08,188.105,187.965,14415213.9808,339,187.98,76658,10:08,452375.28,21,187.98,2406
39,188.082,-0.0013274430261453179,188.22,20190319,188.22,10:09 AM,188.025,188.103,-0.0011894205291858818,188.24,188.24,188.02,13849091.5383,414,188.07,73625,10:09,403812.43,26,188.06,2147
40,188.268,-0.00033982541469316396,188.3,20190319,188.33,10:10 AM,188.18,188.241,-0.000456652524598089,188.29,188.325,188.12,22789966.6063,442,188.24,121068,10:10,457868.725,27,188.21,2432
41,188.338,3.185863262748884e-05,188.4,20190319,188.415,10:11 AM,188.29,188.338,5.840904384392934e-05,188.429,188.429,188.28,14333119.606,392,188.29,76103,10:11,589120.8,35,188.29,3128
42,188.397,0.00034513518679777055,188.33,20190319,188.44,10:12 AM,188.31,188.393,0.00035045426306372693,188.32,188.45,188.3,17419912.6654,409,188.425,92466,10:12,489079.665,32,188.4,2596
43,188.321,-5.840749315037105e-05,188.25,20190319,188.37,10:13 AM,188.25,188.312,-7.964869615077157e-05,188.24,188.39,188.22,15890180.3147,287,188.31,84382,10:13,207906.725,14,188.31,1104
44,188.229,-0.000546906526771766,188.31,20190319,188.31,10:14 AM,188.14,188.205,-0.0006478093953601219,188.29,188.32,188.13,13467970.8786,334,188.25,71560,10:14,240556.42,18,188.19,1278
45,188.362,0.0001592931631374442,188.41,20190319,188.41,10:15 AM,188.315,188.362,0.00018584695768528457,188.41,188.42,188.29,12938762.5605,239,188.29,68691,10:15,321722.465,23,188.315,1708
46,188.382,0.00026548860522912396,188.45,20190319,188.45,10:16 AM,188.32,188.36,0.00017522713153193893,188.43,188.45,188.31,10696392.9818,247,188.4,56787,10:16,574375.68,23,188.41,3049
47,188.367,0.00018584202366032638,188.38,20190319,188.43,10:17 AM,188.33,188.372,0.00023894608845261654,188.36,188.45,188.323,9570044.3495,225,188.44,50804,10:17,328134.585,20,188.43,1742
48,188.356,0.00012743453050995536,188.36,20190319,188.38,10:18 AM,188.325,188.359,0.00016991721845519063,188.369,188.399,188.328,3859294.585,150,188.38,20489,10:18,244862.795,18,188.37,1300
49,188.328,-2.1239088418275588e-05,188.32,20190319,188.36,10:19 AM,188.26,188.324,-1.5929739230093946e-05,188.36,188.37,188.26,13596964.6769,300,188.36,72200,10:19,378539.5,25,188.36,2010
50,188.235,-0.0005150478941442771,188.16,20190319,188.34,10:20 AM,188.16,188.247,-0.0004247930461377502,188.17,188.36,188.16,13640367.6236,356,188.36,72460,10:20,258258.9,15,188.34,1372
51,188.102,-0.001221247584053638,188.08,20190319,188.17,10:21 AM,188.035,188.103,-0.0011894205291858818,188.08,188.199,188.02,16597287.6547,366,188.17,88235,10:21,347988.9,19,188.17,1850
52,188.033,-0.0015876218592698352,187.99,20190319,188.12,10:22 AM,187.97,188.016,-0.0016513829668608699,187.96,188.12,187.95,24981145.9285,448,188.09,132867,10:22,399571.0,24,188.12,2125
53,187.923,-0.0021716967907736964,187.82,20190319,188.07,10:23 AM,187.79,187.9,-0.002267332883760653,187.81,188.08,187.78,24048372.0864,484,187.974,127985,10:23,308757.46,18,188.07,1643
54,187.748,-0.0031009069090754795,187.71,20190319,187.8,10:24 AM,187.69,187.744,-0.003095679323729462,187.68,187.82,187.66,25924893.0532,629,187.81,138086,10:24,754184.48,38,187.78,4017
55,187.703,-0.00333984665378157,187.625,20190319,187.8,10:25 AM,187.62,187.699,-0.003334625412181928,187.58,187.815,187.58,33072502.3507,636,187.68,176200,10:25,726596.77,29,187.68,3871
56,187.612,-0.0038230359152985095,187.665,20190319,187.665,10:26 AM,187.57,187.618,-0.0037647283713965773,187.64,187.679,187.55,21835890.8077,465,187.59,116385,10:26,700542.5,24,187.57,3734
57,187.567,-0.0040619756600046,187.58,20190319,187.605,10:27 AM,187.5,187.539,-0.00418421150445773,187.56,187.631,187.47,26934113.6871,545,187.631,143619,10:27,339683.29,20,187.605,1811
58,187.478,-0.004534545377312326,187.55,20190319,187.55,10:28 AM,187.43,187.486,-0.004465636897524031,187.56,187.566,187.41,18273150.1104,354,187.56,97464,10:28,206225.5,11,187.49,1100
59,187.494,-0.004449589023639073,187.51,20190319,187.55,10:29 AM,187.48,187.511,-0.004332889070605928,187.455,187.57,187.45,14463667.6309,255,187.57,77135,10:29,562482.48,19,187.55,3000
60,187.6,-0.0038867531805534873,187.6,20190319,187.64,10:30 AM,187.52,187.597,-0.0038762365460076878,187.59,187.66,187.45,19731676.3384,430,187.464,105181,10:30,239190.5,14,187.52,1275
61,187.566,-0.004067285432109207,187.57,20190319,187.62,10:31 AM,187.515,187.559,-0.004078013242923217,187.565,187.62,187.51,9559678.6502,242,187.58,50969,10:31,235020.045,15,187.58,1253
62,187.565,-0.004072595204213813,187.56,20190319,187.6,10:32 AM,187.53,187.566,-0.00404084385138613,187.583,187.62,187.52,9084029.2555,220,187.542,48431,10:32,263528.8,14,187.55,1405
63,187.547,-0.00416817110209628,187.46,20190319,187.58,10:33 AM,187.46,187.522,-0.004274480026761998,187.5,187.58,187.45,8827956.4397,237,187.58,47077,10:33,126969.345,9,187.57,677
64,187.525,-0.0042849860883970225,187.5,20190319,187.56,10:34 AM,187.49,187.515,-0.004311649418299085,187.536,187.57,187.47,8312178.0249,292,187.5,44328,10:34,204027.0,11,187.55,1088
65,187.641,-0.003669052524265672,187.65,20190319,187.67,10:35 AM,187.58,187.633,-0.0036850796752456545,187.64,187.68,187.54,13664012.711,343,187.54,72823,10:35,359333.39,23,187.58,1915
66,187.625,-0.003754008877938925,187.57,20190319,187.66,10:36 AM,187.57,187.606,-0.003828447328317255,187.58,187.665,187.554,10626593.5856,257,187.637,56643,10:36,399828.92,22,187.62,2131
67,187.5,-0.004417730391011584,187.505,20190319,187.57,10:37 AM,187.47,187.495,-0.004417847679833447,187.515,187.57,187.46,16885781.7412,387,187.57,90060,10:37,535125.19,22,187.57,2854
68,187.507,-0.0043805619862794885,187.49,20190319,187.55,10:38 AM,187.48,187.506,-0.004359438635989518,187.49,187.56,187.46,11445960.6485,348,187.52,61043,10:38,323824.35,19,187.53,1727
69,187.447,-0.004699148312554377,187.42,20190319,187.52,10:39 AM,187.41,187.45,-0.004656793768286064,187.41,187.53,187.41,10619615.0948,290,187.5,56653,10:39,249679.08,14,187.52,1332
70,187.331,-0.0053150818766858786,187.31,20190319,187.42,10:40 AM,187.23,187.334,-0.005272743685185847,187.307,187.41,187.22,24567541.7586,552,187.41,131143,10:40,253833.49,22,187.42,1355
71,187.407,-0.004911539196737586,187.41,20190319,187.44,10:41 AM,187.31,187.385,-0.0050019381182730424,187.39,187.44,187.29,16076858.3404,404,187.304,85796,10:41,135869.825,12,187.31,725
72,187.37,-0.005108000764607126,187.32,20190319,187.4,10:42 AM,187.32,187.339,-0.005246194119802257,187.26,187.41,187.26,10354022.0693,226,187.38,55269,10:42,132283.22,9,187.4,706
73,187.355,-0.005187647346175923,187.38,20190319,187.4,10:43 AM,187.3,187.35,-0.005187785075958327,187.4,187.4,187.27,14227337.1135,314,187.27,75940,10:43,193912.56,12,187.3,1035
74,187.421,-0.004837202387273545,187.38,20190319,187.47,10:44 AM,187.37,187.42,-0.004816091160587758,187.39,187.48,187.37,11453242.9985,275,187.4,61110,10:44,238212.475,17,187.37,1271
75,187.345,-0.005240745067221687,187.31,20190319,187.4,10:45 AM,187.29,187.351,-0.005182475162881579,187.33,187.405,187.28,15420262.688,358,187.39,82307,10:45,283640.57,21,187.37,1514
76,187.405,-0.004922158740946799,187.41,20190319,187.44,10:46 AM,187.31,187.389,-0.004980698465966049,187.416,187.45,187.295,11498001.7349,354,187.33,61359,10:46,263117.24,15,187.31,1404
77,187.375,-0.005081451904084243,187.36,20190319,187.42,10:47 AM,187.31,187.368,-0.005092206640577311,187.39,187.42,187.29,11335200.508,277,187.41,60497,10:47,263261.825,14,187.42,1405
78,187.335,-0.005293842788267451,187.27,20190319,187.39,10:48 AM,187.27,187.316,-0.005368322120566864,187.285,187.4,187.26,8786070.8294,175,187.4,46905,10:48,192954.64,14,187.36,1030
79,187.321,-0.005368179597731643,187.32,20190319,187.35,10:49 AM,187.29,187.319,-0.0053523923813367695,187.33,187.35,187.28,6138436.6397,179,187.29,32770,10:49,382697.765,24,187.29,2043
80,187.291,-0.005527472760869087,187.17,20190319,187.36,10:50 AM,187.14,187.222,-0.005867453949778788,187.21,187.36,187.12,19647076.5077,442,187.33,104940,10:50,444065.965,43,187.33,2371
81,187.195,-0.006037210882908908,187.22,20190319,187.22,10:51 AM,187.165,187.189,-0.006042681081310727,187.21,187.239,187.15,8076813.0035,228,187.21,43148,10:51,219579.29,34,187.22,1173
82,187.27,-0.005638977975065222,187.24,20190319,187.32,10:52 AM,187.24,187.276,-0.005580718643635739,187.28,187.327,187.23,10659929.0375,265,187.24,56921,10:52,209930.11,25,187.25,1121
83,187.4,-0.0049487076014696815,187.49,20190319,187.51,10:53 AM,187.27,187.413,-0.004853260552124694,187.494,187.51,187.26,19189941.1263,396,187.27,102394,10:53,351749.28,35,187.27,1877
84,187.54,-0.004205339506828376,187.56,20190319,187.59,10:54 AM,187.49,187.549,-0.004131112373690398,187.56,187.61,187.48,15042576.4428,369,187.5,80206,10:54,258993.3,18,187.52,1381
85,187.602,-0.003876133636344274,187.49,20190319,187.68,10:55 AM,187.49,187.585,-0.003939955502928365,187.483,187.69,187.483,17285020.1761,492,187.58,92145,10:55,285717.975,35,187.61,1523
86,187.449,-0.0046885287683451635,187.42,20190319,187.49,10:56 AM,187.42,187.443,-0.004693963159823,187.41,187.5,187.4,7599126.4218,211,187.49,40541,10:56,269551.445,25,187.48,1438
87,187.438,-0.0047469362614956856,187.45,20190319,187.485,10:57 AM,187.39,187.431,-0.004757682116743678,187.4,187.485,187.38,8034781.2828,232,187.41,42868,10:57,227737.54,18,187.43,1215
88,187.331,-0.0053150818766858786,187.28,20190319,187.38,10:58 AM,187.28,187.334,-0.005272743685185847,187.335,187.412,187.28,7587987.1712,211,187.412,40505,10:58,1685.98,3,187.38,9
89,187.241,-0.00579296136609806,187.18,20190319,187.33,10:59 AM,187.15,187.212,-0.0059205530805461195,187.19,187.33,187.14,11858382.2578,263,187.33,63342,10:59,183308.78,13,187.33,979
90,187.262,-0.005681456151901925,187.27,20190319,187.29,11 AM,187.24,187.241,-0.005766565601321023,187.28,187.32,187.15,23999462.6125,561,187.19,128174,11:00,250182.01,16,187.25,1336
91,187.25,-0.005745173417156902,187.25,20190319,187.28,11:01 AM,187.22,187.262,-0.005655057426709913,187.26,187.31,187.22,7323272.1367,200,187.28,39107,11:01,319449.03,19,187.26,1706
92,187.237,-0.005814200454516486,187.24,20190319,187.26,11:02 AM,187.23,187.257,-0.005681606992093503,187.225,187.3,187.22,5266038.8932,138,187.25,28122,11:02,107286.85,10,187.245,573
93,187.235,-0.005824819998725549,187.17,20190319,187.27,11:03 AM,187.17,187.238,-0.005782495340551268,187.174,187.28,187.17,16402058.3924,368,187.24,87600,11:03,146792.14,13,187.26,784
94,187.185,-0.006090308603954673,187.18,20190319,187.2,11:04 AM,187.16,187.192,-0.006026751342080482,187.218,187.23,187.16,9601662.4313,281,187.17,51293,11:04,247083.86,14,187.16,1320
95,187.172,-0.006159335641314257,187.12,20190319,187.23,11:05 AM,187.11,187.166,-0.006164809082075334,187.12,187.23,187.11,13083123.1366,394,187.22,69901,11:05,284501.89,21,187.22,1520
96,187.111,-0.0064832317396937515,187.07,20190319,187.15,11:06 AM,187.06,187.095,-0.006541812910522651,187.085,187.16,187.05,18407019.792,531,187.12,98383,11:06,181497.7,16,187.12,970
97,186.935,-0.007417751630099991,186.89,20190319,187.09,11:07 AM,186.87,186.952,-0.007301130480494035,186.882,187.09,186.83,46191621.0054,1093,187.088,247077,11:07,300218.28,21,187.09,1606
98,186.991,-0.007120404392243378,187.02,20190319,187.06,11:08 AM,186.91,186.989,-0.007104663696655253,187.001,187.07,186.885,19413200.3951,453,186.89,103820,11:08,236169.3,17,186.91,1263
99,187.094,-0.006573497865471612,187.13,20190319,187.13,11:09 AM,187.07,187.082,-0.0066108417805200775,187.11,187.14,186.981,15851687.2638,439,187.0,84731,11:09,391961.1,21,187.09,2095
100,187.025,-0.006939872140687658,187.03,20190319,187.11,11:10 AM,186.97,187.032,-0.006876337434356133,187.065,187.11,186.97,12583686.0803,383,187.11,67281,11:10,359835.79,24,187.11,1924
101,187.036,-0.006881464647537287,187.05,20190319,187.07,11:11 AM,186.99,187.034,-0.006865717608202788,187.05,187.08,186.99,7568896.9943,263,187.06,40468,11:11,208358.75,15,187.06,1114
102,187.167,-0.006185884501837139,187.26,20190319,187.27,11:12 AM,187.1,187.192,-0.006026751342080482,187.22,187.3,187.074,15640844.0142,366,187.074,83555,11:12,562062.345,20,187.14,3003
103,187.257,-0.005708005012424806,187.33,20190319,187.33,11:13 AM,187.215,187.316,-0.005368322120566864,187.4,187.4,187.21,11583065.8433,250,187.22,61837,11:13,76400.86,7,187.22,408
104,187.417,-0.004858441475691821,187.46,20190319,187.47,11:14 AM,187.39,187.432,-0.00475237220366708,187.5,187.52,187.38,18010351.9691,421,187.4,96090,11:14,193414.77,13,187.4,1032
105,187.455,-0.004656670135717675,187.4,20190319,187.51,11:15 AM,187.4,187.442,-0.004699273072899748,187.4,187.52,187.39,12187477.6001,267,187.49,65020,11:15,162898.2,14,187.49,869
106,187.436,-0.004757555805704748,187.48,20190319,187.48,11:16 AM,187.39,187.44,-0.004709892899053245,187.48,187.52,187.37,12004432.7923,252,187.39,64044,11:16,113211.56,7,187.39,604
107,187.473,-0.004561094237835208,187.47,20190319,187.52,11:17 AM,187.44,187.479,-0.004502806289060967,187.49,187.544,187.42,9102843.111,199,187.488,48554,11:17,95423.9,7,187.52,509
108,187.435,-0.004762865577809355,187.41,20190319,187.46,11:18 AM,187.41,187.438,-0.0047205127252067415,187.41,187.49,187.41,5912369.4172,146,187.489,31543,11:18,178063.5,10,187.42,950
109,187.392,-0.004991185778306383,187.41,20190319,187.41,11:19 AM,187.37,187.389,-0.004980698465966049,187.4,187.42,187.35,6512522.7786,184,187.4,34754,11:19,154411.41,10,187.4,824
110,187.519,-0.004316844721024511,187.525,20190319,187.56,11:20 AM,187.415,187.522,-0.004274480026761998,187.51,187.57,187.41,8573150.2926,232,187.41,45718,11:20,158078.555,11,187.415,843
111,187.52,-0.004311534948919904,187.47,20190319,187.57,11:21 AM,187.47,187.516,-0.004306339505222337,187.43,187.58,187.43,9194116.3071,268,187.51,49031,11:21,133701.5,8,187.5,713
112,187.485,-0.004497376972580231,187.49,20190319,187.49,11:22 AM,187.48,187.48,-0.00449749637598437,187.54,187.54,187.439,5103590.1883,120,187.439,27222,11:22,71244.2,4,187.48,380
113,187.53,-0.00425843722787414,187.57,20190319,187.57,11:23 AM,187.52,187.552,-0.004115182634460304,187.57,187.59,187.51,4004976.177,141,187.55,21354,11:23,75574.66,6,187.54,403
114,187.617,-0.0037964870547756275,187.63,20190319,187.64,11:24 AM,187.56,187.598,-0.0038709266329309392,187.57,187.64,187.55,9268283.0665,196,187.58,49405,11:24,78423.74,6,187.57,418
115,187.653,-0.0036053352590106943,187.63,20190319,187.68,11:25 AM,187.575,187.637,-0.0036638400229388125,187.63,187.69,187.58,9168333.3245,230,187.58,48862,11:25,177895.035,12,187.575,948
116,187.649,-0.0036265743474289697,187.64,20190319,187.66,11:26 AM,187.64,187.644,-0.0036266706314017254,187.685,187.685,187.61,8216765.6842,185,187.636,43789,11:26,58734.32,4,187.65,313
117,187.67,-0.0035150691332328345,187.67,20190319,187.67,11:27 AM,187.67,187.695,-0.003355865064488921,187.72,187.72,187.66,9159540.3562,228,187.69,48800,11:27,4128.74,2,187.67,22
118,187.729,-0.0032017925790624015,187.65,20190319,187.76,11:28 AM,187.65,187.727,-0.0031859478460337302,187.64,187.79,187.63,18640964.2674,353,187.73,99298,11:28,280655.44,17,187.75,1495
119,187.566,-0.004067285432109207,187.545,20190319,187.69,11:29 AM,187.545,187.597,-0.0038762365460076878,187.526,187.69,187.52,15233417.797,227,187.634,81203,11:29,1256690.0,15,187.625,6700
120,187.509,-0.004369942442070426,187.505,20190319,187.545,11:30 AM,187.47,187.499,-0.004396608027526605,187.505,187.55,187.46,16369579.7608,270,187.53,87305,11:30,1334126.65,16,187.545,7115
121,187.513,-0.004348703353652,187.545,20190319,187.545,11:31 AM,187.49,187.512,-0.00432757915752918,187.54,187.55,187.47,7567036.8588,163,187.505,40355,11:31,206264.5,6,187.505,1100
122,187.559,-0.004104453836841302,187.57,20190319,187.58,11:32 AM,187.52,187.547,-0.0041417321998438944,187.57,187.59,187.51,6166359.7179,195,187.54,32879,11:32,472835.23,14,187.53,2521
123,187.602,-0.003876133636344274,187.6,20190319,187.63,11:33 AM,187.545,187.602,-0.003849686980624097,187.61,187.63,187.54,8667600.046,184,187.57,46202,11:33,401467.87,19,187.57,2140
124,187.64,-0.0036743622963702786,187.62,20190319,187.66,11:34 AM,187.62,187.629,-0.003706319327552648,187.62,187.66,187.6,4668032.4074,172,187.62,24879,11:34,85188.52,6,187.63,454
125,187.639,-0.0036796720684747343,187.63,20190319,187.65,11:35 AM,187.61,187.632,-0.003690389588322403,187.64,187.66,187.605,4567158.1574,120,187.62,24341,11:35,244118.03,13,187.645,1301
126,187.632,-0.0037168404732068295,187.605,20190319,187.655,11:36 AM,187.6,187.62,-0.0037541085452430806,187.61,187.66,187.6,7879653.9035,162,187.64,41998,11:36,211461.13,12,187.62,1127
127,187.662,-0.0035575473100693854,187.72,20190319,187.72,11:37 AM,187.63,187.666,-0.003509852543713867,187.72,187.72,187.61,4946123.1294,188,187.61,26356,11:37,278302.29,14,187.65,1483
128,187.721,-0.0032442707558991038,187.75,20190319,187.75,11:38 AM,187.715,187.728,-0.003180637932956982,187.75,187.76,187.71,5791419.5542,103,187.72,30850,11:38,244038.0,7,187.715,1300
129,187.78,-0.002930994201728822,187.78,20190319,187.78,11:39 AM,187.78,187.774,-0.002936381931427768,187.771,187.8,187.74,5901547.933,134,187.747,31429,11:39,19153.56,2,187.78,102
130,187.801,-0.0028194889875326865,187.77,20190319,187.835,11:40 AM,187.77,187.798,-0.0028089440175864126,187.77,187.84,187.76,15239060.7566,380,187.776,81146,11:40,674767.64,15,187.805,3593
131,187.682,-0.0034513518679778568,187.68,20190319,187.75,11:41 AM,187.62,187.703,-0.0033133857598750855,187.665,187.773,187.62,9322481.3753,274,187.77,49666,11:41,155400.505,13,187.75,828
132,187.53,-0.00425843722787414,187.435,20190319,187.69,11:42 AM,187.435,187.529,-0.004237310635224911,187.44,187.688,187.42,11941294.3923,307,187.678,63677,11:42,233286.915,18,187.69,1244
133,187.453,-0.004667289679926888,187.43,20190319,187.46,11:43 AM,187.43,187.448,-0.00466741359443941,187.44,187.463,187.41,3804454.0771,148,187.45,20296,11:43,405273.24,11,187.455,2162
134,187.424,-0.004821273070959726,187.42,20190319,187.44,11:44 AM,187.41,187.434,-0.004741752377513584,187.42,187.46,187.4,4759894.3656,163,187.442,25395,11:44,97085.815,8,187.44,518
135,187.361,-0.005155788713548434,187.36,20190319,187.4,11:45 AM,187.35,187.374,-0.0050603471621169715,187.39,187.43,187.34,8914134.0618,204,187.425,47574,11:45,100050.55,8,187.4,534
136,187.465,-0.004603572414671911,187.47,20190319,187.52,11:46 AM,187.39,187.459,-0.0046090045505954805,187.45,187.52,187.37,7260651.6475,143,187.385,38732,11:46,103106.0,6,187.39,550
137,187.544,-0.004184100418409949,187.53,20190319,187.55,11:47 AM,187.47,187.524,-0.0042638602006085016,187.52,187.557,187.454,3971940.5672,94,187.454,21181,11:47,38259.06,4,187.47,204
138,187.605,-0.0038602043200306048,187.605,20190319,187.61,11:48 AM,187.6,187.586,-0.003934645589851617,187.6,187.62,187.52,6781814.1804,131,187.53,36153,11:48,75229.61,4,187.61,401
139,187.735,-0.003169933946434913,187.78,20190319,187.78,11:49 AM,187.62,187.737,-0.0031328487152665493,187.775,187.79,187.61,12377117.2993,312,187.61,65928,11:49,253630.24,15,187.62,1351
140,187.823,-0.0027026740012317937,187.77,20190319,187.87,11:50 AM,187.77,187.812,-0.002734605234512239,187.77,187.88,187.76,14528235.2097,361,187.78,77355,11:50,302770.41,19,187.77,1612
141,187.736,-0.003164624174330457,187.78,20190319,187.78,11:51 AM,187.68,187.733,-0.0031540883675733916,187.781,187.79,187.68,7404377.8768,174,187.77,39441,11:51,148311.7,10,187.75,790
142,187.802,-0.00281417921542808,187.79,20190319,187.82,11:52 AM,187.79,187.798,-0.0028089440175864126,187.8,187.82,187.78,6262704.018,151,187.79,33348,11:52,206770.29,11,187.79,1101
143,187.774,-0.002962852834356311,187.72,20190319,187.81,11:53 AM,187.71,187.783,-0.0028885927137373354,187.73,187.81,187.71,10058791.1678,182,187.8,53566,11:53,240162.92,13,187.81,1279
144,187.792,-0.0028672769364738444,187.78,20190319,187.8,11:54 AM,187.78,187.778,-0.002915142279120926,187.78,187.82,187.717,5008971.4868,134,187.73,26675,11:54,195867.54,11,187.79,1043
145,187.823,-0.0027026740012317937,187.84,20190319,187.85,11:55 AM,187.77,187.824,-0.002670886277591561,187.84,187.85,187.76,6020503.1214,176,187.77,32054,11:55,248114.44,14,187.78,1321
146,187.843,-0.0025964785591402646,187.86,20190319,187.86,11:56 AM,187.81,187.838,-0.002596547494517538,187.855,187.865,187.796,6601932.5783,152,187.84,35147,11:56,75137.0,4,187.84,400
147,187.917,-0.0022035554234011855,187.95,20190319,187.98,11:57 AM,187.8,187.92,-0.0021611346222262908,187.96,187.99,187.78,18280491.0055,437,187.855,97278,11:57,170628.95,16,187.83,908
148,187.942,-0.0020708111207866234,187.98,20190319,187.98,11:58 AM,187.9,187.947,-0.002017766969154691,187.98,187.98,187.9,7779114.0868,232,187.96,41390,11:58,247519.61,15,187.94,1317
149,187.992,-0.0018053225155576504,188.0,20190319,188.03,11:59 AM,187.95,187.999,-0.0017416514891651382,188.02,188.04,187.91,16223717.0084,333,187.974,86297,11:59,296839.94,24,187.97,1579
150,188.121,-0.001120361914066565,188.2,20190319,188.2,12 PM,188.05,188.108,-0.001162870963802291,188.19,188.2,188.03,14847599.3014,345,188.03,78931,12:00,276538.255,17,188.055,1470
151,188.238,-0.0004991185778306081,188.26,20190319,188.26,12:01 PM,188.19,188.23,-0.0005150615684421692,188.27,188.27,188.186,14668952.5771,285,188.19,77931,12:01,168472.695,12,188.19,895
152,188.319,-6.90270373595843e-05,188.28,20190319,188.38,12:02 PM,188.27,188.316,-5.840904384392934e-05,188.28,188.39,188.267,29855470.0162,601,188.267,158539,12:02,586426.305,28,188.27,3114
153,188.244,-0.0004672599452031193,188.2,20190319,188.35,12:03 PM,188.2,188.273,-0.0002867353061430493,188.19,188.37,188.18,15265714.6418,292,188.29,81083,12:03,548731.1,19,188.35,2915
154,188.135,-0.001046025104602525,188.015,20190319,188.2,12:04 PM,188.015,188.114,-0.0011310114853419523,188.02,188.2,188.0,21101686.7449,457,188.185,112175,12:04,672581.39,32,188.2,3575
155,188.132,-0.001061954420916194,188.15,20190319,188.23,12:05 PM,188.06,188.161,-0.0008814455707359902,188.16,188.247,188.03,25059668.1258,266,188.04,133182,12:05,169507.15,10,188.06,901
156,188.191,-0.0007486778667459122,188.15,20190319,188.24,12:06 PM,188.15,188.189,-0.0007327680045877927,188.11,188.25,188.11,10985528.5925,238,188.17,58375,12:06,289814.15,17,188.2,1540
157,188.203,-0.0006849606014909345,188.2,20190319,188.22,12:07 PM,188.18,188.192,-0.0007168382653575478,188.19,188.22,188.11,4190859.64,100,188.11,22269,12:07,198931.105,13,188.2,1057
158,188.19,-0.0007539876388505188,188.18,20190319,188.2,12:08 PM,188.18,188.161,-0.0008814455707359902,188.16,188.21,188.115,4491595.8398,145,188.2,23871,12:08,37638.0,2,188.2,200
159,188.179,-0.0008123951320008899,188.19,20190319,188.2,12:09 PM,188.15,188.189,-0.0007327680045877927,188.185,188.2,188.15,4404566.5563,143,188.16,23405,12:09,122316.5,8,188.15,650
160,188.101,-0.0012265573561582447,188.08,20190319,188.165,12:10 PM,188.04,188.09,-0.0012584493991833075,188.1,188.18,188.03,10013180.5235,278,188.18,53236,12:10,223275.56,13,188.16,1187
161,188.103,-0.0012159378119490315,188.095,20190319,188.11,12:11 PM,188.095,188.099,-0.0012106601814928749,188.085,188.11,188.07,2240258.1252,75,188.1,11910,12:11,37620.65,3,188.1,200
162,188.047,-0.0015132850498056443,188.07,20190319,188.11,12:12 PM,188.035,188.064,-0.0013965071391781594,188.07,188.125,188.01,6139543.9283,180,188.08,32646,12:12,306329.32,10,188.06,1629
163,188.051,-0.0014920459613873686,188.04,20190319,188.08,12:13 PM,188.0,188.041,-0.0015186351399427663,188.03,188.08,188.0,5558289.9692,158,188.07,29559,12:13,287530.0,19,188.07,1529
164,188.033,-0.0015876218592698352,188.01,20190319,188.045,12:14 PM,188.01,188.033,-0.0015611144445566018,188.03,188.05,188.01,3828362.056,100,188.04,20360,12:14,170733.82,10,188.03,908
165,188.03,-0.0016035511755835043,188.03,20190319,188.03,12:15 PM,188.03,187.982,-0.0018319200114694063,187.99,188.039,187.96,10458206.6483,158,188.038,55634,12:15,18803.0,1,188.03,100
166,188.038,-0.001561072998746802,188.06,20190319,188.06,12:16 PM,188.025,188.047,-0.0014867756614824275,188.07,188.07,187.99,5672444.1019,115,187.99,30165,12:16,112823.0,5,188.04,600
167,188.111,-0.0011734596351124804,188.13,20190319,188.14,12:17 PM,188.08,188.118,-0.0011097718330351101,188.1,188.15,188.07,5899375.3919,140,188.07,31360,12:17,188111.0,10,188.08,1000
168,188.126,-0.0010938130535436828,188.08,20190319,188.175,12:18 PM,188.08,188.13,-0.0010460528761144325,188.089,188.182,188.075,8073587.107,212,188.1,42915,12:18,75250.5,4,188.175,400
169,-1.0,,,20190319,-1.0,12:19 PM,-1.0,188.163,-0.0008708257445824936,188.13,188.208,188.08,6710282.0912,178,188.08,35662,12:19,0.0,0,,0
170,188.156,-0.0009345198904062386,188.13,20190319,188.2,12:20 PM,188.09,188.138,-0.001003573571500597,188.12,188.21,188.08,8621246.9896,264,188.12,45824,12:20,169904.51,9,188.14,903
171,188.117,-0.0011416010024849915,188.1,20190319,188.14,12:21 PM,188.1,188.106,-0.0011734907899557878,188.058,188.14,188.058,5452263.0827,154,188.12,28985,12:21,54742.01,3,188.11,291
172,188.101,-0.0012265573561582447,188.09,20190319,188.11,12:22 PM,188.09,188.09,-0.0012584493991833075,188.11,188.129,188.05,3136779.56,108,188.06,16677,12:22,39689.21,3,188.11,211
173,188.063,-0.001428328696132391,188.06,20190319,188.12,12:23 PM,188.015,188.074,-0.0013434080084108275,188.06,188.125,188.02,4716705.739,120,188.12,25079,12:23,132020.03,8,188.12,702
174,188.069,-0.0013964700635049022,188.05,20190319,188.09,12:24 PM,188.05,188.057,-0.0014336765307152465,188.04,188.09,188.04,3473985.5729,97,188.06,18473,12:24,102685.92,6,188.06,546
175,188.05,-0.0014973557334918245,188.05,20190319,188.06,12:25 PM,188.04,188.038,-0.0015345648791728604,188.043,188.07,188.01,3629142.4939,140,188.04,19300,12:25,80861.5,5,188.05,430
176,188.021,-0.001651339124524813,188.01,20190319,188.04,12:26 PM,187.96,188.002,-0.0017257217499348932,188.02,188.04,187.97,3554372.595,116,188.04,18906,12:26,53397.98,6,188.04,284
177,188.038,-0.001561072998746802,188.03,20190319,188.06,12:27 PM,188.02,188.037,-0.0015398747922496087,188.025,188.06,188.01,1892589.178,73,188.03,10065,12:27,83676.9,5,188.02,445
178,188.05,-0.0014973557334918245,188.05,20190319,188.05,12:28 PM,188.05,188.027,-0.0015929739230169406,188.01,188.05,187.995,3682323.021,140,188.03,19584,12:28,940.25,1,188.05,5
179,188.023,-0.0016407195803155997,188.01,20190319,188.03,12:29 PM,188.01,188.015,-0.0016566928799376182,188.012,188.03,187.991,2524104.1848,75,188.007,13425,12:29,71072.78,3,188.03,378
180,188.031,-0.0015982414034788975,188.06,20190319,188.06,12:30 PM,187.985,188.028,-0.0015876640099401922,188.079,188.1,187.97,3945203.7598,167,188.02,20982,12:30,113382.51,7,188.025,603
181,188.024,-0.001635409808210993,188.01,20190319,188.08,12:31 PM,187.92,187.995,-0.0017628911414719803,187.984,188.08,187.92,5943843.9347,213,188.07,31617,12:31,131617.0,8,188.07,700
182,188.07,-0.0013911602914002956,188.095,20190319,188.095,12:32 PM,188.03,188.037,-0.0015398747922496087,188.076,188.095,187.95,3792138.3094,168,187.98,20167,12:32,112842.0,5,188.03,600
183,188.034,-0.0015823120871652286,188.04,20190319,188.05,12:33 PM,188.02,188.036,-0.001545184705326357,188.04,188.07,188.01,3017982.7742,112,188.07,16050,12:33,163025.66,10,188.05,867
184,188.027,-0.001619480491897324,188.045,20190319,188.045,12:34 PM,188.0,188.022,-0.001619523488400531,188.02,188.045,187.99,3793718.15,143,188.04,20177,12:34,172608.62,11,188.02,918
185,187.975,-0.0018955886413355102,187.94,20190319,188.01,12:35 PM,187.94,187.98,-0.0018425398376229027,187.939,188.03,187.939,3434951.6995,106,188.02,18273,12:35,37595.0,2,188.01,200
186,187.936,-0.0021026697534141125,187.94,20190319,187.96,12:36 PM,187.91,187.928,-0.0021186553176124555,187.98,187.99,187.88,6297665.6361,200,187.94,33511,12:36,58260.2,4,187.96,310
187,188.012,-0.0016991270734659706,188.02,20190319,188.02,12:37 PM,188.0,188.012,-0.0016726226191677122,188.03,188.05,187.98,3372367.5401,100,187.99,17937,12:37,75205.0,4,188.0,400
188,188.041,-0.0015451436824331331,188.03,20190319,188.05,12:38 PM,188.03,188.039,-0.001529254966096263,188.03,188.06,188.02,3238596.9135,117,188.03,17223,12:38,150433.0,7,188.045,800
189,188.027,-0.001619480491897324,188.02,20190319,188.03,12:39 PM,188.02,187.989,-0.0017947506199323191,187.94,188.034,187.937,2705541.1702,87,188.034,14392,12:39,56408.0,3,188.03,300
190,188.017,-0.0016725782129430884,188.04,20190319,188.08,12:40 PM,187.93,188.031,-0.0015717342707099475,188.05,188.08,187.93,10416164.3288,398,187.94,55396,12:40,416457.25,26,187.97,2215
191,188.034,-0.0015823120871652286,188.02,20190319,188.05,12:41 PM,188.02,188.033,-0.0015611144445566018,188.03,188.06,188.0,3733963.5287,153,188.05,19858,12:41,150427.0,7,188.05,800
192,188.034,-0.0015823120871652286,188.03,20190319,188.05,12:42 PM,188.01,188.026,-0.001598283836093538,187.99,188.065,187.99,3398751.2169,152,188.04,18076,12:42,131624.0,7,188.05,700
193,187.98,-0.0018690397808126282,187.99,20190319,187.99,12:43 PM,187.97,187.973,-0.001879709229159839,188.003,188.01,187.94,5707626.4899,96,187.99,30364,12:43,70492.5,5,187.98,375
194,188.0,-0.0017628443387209484,188.0,20190319,188.0,12:44 PM,188.0,187.978,-0.0018531596637762484,187.995,188.01,187.953,2115505.6303,74,188.0,11254,12:44,56400.0,3,188.0,300
195,188.015,-0.0016831977571523018,188.02,20190319,188.02,12:45 PM,188.01,188.023,-0.0016142135753237827,188.039,188.049,188.0,4023132.2519,112,188.0,21397,12:45,37603.0,2,188.01,200
196,187.684,-0.0034407323237686436,187.57,20190319,188.05,12:46 PM,187.555,187.727,-0.0031859478460337302,187.557,188.049,187.51,43579601.3066,1434,188.03,232143,12:46,962632.585,26,188.02,5129
197,187.594,-0.003918611813180976,187.76,20190319,187.76,12:47 PM,187.5,187.578,-0.0039771248944654525,187.72,187.77,187.49,36738154.6354,1151,187.555,195855,12:47,697100.44,47,187.535,3716
198,187.607,-0.0038495847758213916,187.57,20190319,187.71,12:48 PM,187.52,187.603,-0.0038443770675473487,187.567,187.74,187.51,14843712.1634,405,187.72,79123,12:48,342383.5,19,187.71,1825
199,187.288,-0.005543402077182756,187.13,20190319,187.53,12:49 PM,187.04,187.271,-0.00560726820901948,187.13,187.562,187.03,31045755.2985,921,187.55,165780,12:49,977830.13,43,187.53,5221
200,187.177,-0.006132786780791375,187.26,20190319,187.42,12:50 PM,187.07,187.255,-0.0056922268182469996,187.28,187.43,187.06,29793263.2523,714,187.13,159105,12:50,455964.11,26,187.07,2436
201,187.277,-0.005601809570333278,187.28,20190319,187.35,12:51 PM,187.22,187.286,-0.005527619512868558,187.3,187.37,187.21,10827938.1974,351,187.29,57815,12:51,191584.24,16,187.32,1023
202,187.18,-0.006116857464477555,187.14,20190319,187.32,12:52 PM,187.05,187.177,-0.006106400038231405,187.22,187.33,187.05,15486427.944,513,187.28,82737,12:52,387274.88,24,187.32,2069
203,187.201,-0.006005352250281419,187.26,20190319,187.26,12:53 PM,187.12,187.171,-0.006138259516691743,187.23,187.29,187.087,15728942.0752,465,187.215,84035,12:53,325729.8,13,187.215,1740
204,187.028,-0.006923942824373989,187.0,20190319,187.19,12:54 PM,186.96,187.036,-0.006855097782049291,187.05,187.23,186.93,25807970.6041,657,187.23,137984,12:54,617194.0,32,187.19,3300
205,187.185,-0.006090308603954673,187.29,20190319,187.3,12:55 PM,187.06,187.193,-0.006021441429003733,187.26,187.33,187.05,16674384.7094,438,187.05,89076,12:55,527862.08,27,187.06,2820
206,187.321,-0.005368179597731643,187.37,20190319,187.38,12:56 PM,187.27,187.327,-0.005309913076722934,187.38,187.39,187.27,15546846.6903,396,187.27,82993,12:56,438518.65,24,187.27,2341
207,187.507,-0.0043805619862794885,187.57,20190319,187.57,12:57 PM,187.37,187.511,-0.004332889070605928,187.56,187.58,187.37,11472124.9516,363,187.37,61181,12:57,409328.47,24,187.37,2183
208,187.541,-0.004200029734723769,187.48,20190319,187.6,12:58 PM,187.48,187.536,-0.004200141243687824,187.48,187.6,187.47,7960719.4291,274,187.56,42449,12:58,425530.31,24,187.55,2269
209,187.558,-0.004109763608945909,187.7,20190319,187.7,12:59 PM,187.44,187.539,-0.00418421150445773,187.69,187.72,187.43,9703464.9767,279,187.485,51741,12:59,281337.5,15,187.44,1500
210,187.673,-0.0034991398169190143,187.73,20190319,187.78,1 PM,187.6,187.684,-0.00341427410833285,187.73,187.785,187.58,18106289.739,555,187.71,96472,13:00,411005.0,24,187.7,2190
211,187.658,-0.0035787863984878122,187.61,20190319,187.73,1:01 PM,187.57,187.637,-0.0036638400229388125,187.56,187.73,187.56,6909918.885,225,187.73,36826,13:01,260656.46,17,187.73,1389
212,187.51,-0.00436463266996582,187.46,20190319,187.56,1:02 PM,187.46,187.482,-0.004486876549830873,187.45,187.56,187.42,8961638.348,269,187.56,47800,13:02,125256.46,8,187.56,668
213,187.507,-0.0043805619862794885,187.47,20190319,187.55,1:03 PM,187.45,187.501,-0.004385988201373109,187.49,187.553,187.45,2823766.5302,86,187.45,15060,13:03,112504.5,7,187.45,600
214,187.578,-0.004003568166854229,187.65,20190319,187.65,1:04 PM,187.49,187.58,-0.003966505068311955,187.63,187.65,187.49,3641485.441,109,187.5,19413,13:04,155315.01,11,187.495,828
215,187.621,-0.0037752479663572007,187.58,20190319,187.66,1:05 PM,187.58,187.622,-0.003743488719089584,187.59,187.67,187.56,3915857.3354,139,187.63,20871,13:05,262670.0,13,187.63,1400
216,187.661,-0.003562857082173992,187.74,20190319,187.74,1:06 PM,187.61,187.667,-0.0035045426306371183,187.6,187.74,187.6,7282806.7907,233,187.61,38807,13:06,131550.15,8,187.61,701
217,187.595,-0.003913302041076369,187.64,20190319,187.64,1:07 PM,187.56,187.587,-0.00392933567677502,187.667,187.667,187.53,5587652.9535,192,187.61,29787,13:07,140696.5,8,187.605,750
218,187.632,-0.0037168404732068295,187.62,20190319,187.68,1:08 PM,187.61,187.647,-0.0036107408921716316,187.62,187.69,187.58,5064968.4974,168,187.68,26992,13:08,95129.49,7,187.68,507
219,187.576,-0.004014187711063442,187.5,20190319,187.615,1:09 PM,187.5,187.548,-0.004136422286767146,187.5,187.619,187.48,6024045.7497,144,187.61,32120,13:09,142932.74,12,187.61,762
220,187.489,-0.004476137884161955,187.39,20190319,187.545,1:10 PM,187.38,187.455,-0.004630244202902322,187.38,187.55,187.373,10744165.7725,312,187.516,57316,13:10,226112.01,10,187.51,1206
221,187.394,-0.00498056623409717,187.4,20190319,187.43,1:11 PM,187.37,187.399,-0.004927599335198868,187.4,187.45,187.36,9624990.3438,338,187.38,51361,13:11,149915.0,8,187.39,800
222,187.434,-0.004768175349913961,187.52,20190319,187.52,1:12 PM,187.4,187.443,-0.004693963159823,187.49,187.54,187.39,9621266.3611,312,187.4,51329,13:12,464650.03,22,187.42,2479
223,187.44,-0.004736316717286472,187.48,20190319,187.485,1:13 PM,187.41,187.458,-0.004614314463672229,187.49,187.5,187.4,4308718.694,153,187.49,22985,13:13,128021.585,11,187.45,683
224,187.508,-0.004375252214174882,187.51,20190319,187.55,1:14 PM,187.485,187.51,-0.004338198983682676,187.505,187.57,187.45,4316481.8232,142,187.495,23020,13:14,131255.5,7,187.5,700
225,187.47,-0.004577023554149028,187.46,20190319,187.51,1:15 PM,187.445,187.478,-0.004508116202137716,187.44,187.51,187.44,3639502.8852,117,187.5,19413,13:15,175284.3,10,187.495,935
226,187.403,-0.004932778285156012,187.38,20190319,187.42,1:16 PM,187.38,187.401,-0.004916979509045372,187.39,187.445,187.369,4899987.6818,150,187.44,26147,13:16,149922.0,6,187.42,800
227,187.379,-0.005060212815665968,187.33,20190319,187.42,1:17 PM,187.33,187.37,-0.005081586814423814,187.335,187.433,187.324,4619610.6827,140,187.4,24655,13:17,104557.21,8,187.41,558
228,187.304,-0.0054584457235095024,187.28,20190319,187.33,1:18 PM,187.28,187.314,-0.00537894194672036,187.28,187.35,187.28,4610923.828,153,187.33,24616,13:18,101519.06,7,187.33,542
229,187.297,-0.005495614128241598,187.31,20190319,187.31,1:19 PM,187.29,187.3,-0.005453280729794383,187.31,187.32,187.28,2079970.607,77,187.29,11105,13:19,56189.0,3,187.29,300
230,187.387,-0.005017734638829266,187.34,20190319,187.43,1:20 PM,187.335,187.373,-0.0050656570751937205,187.36,187.44,187.305,5037902.8378,153,187.31,26887,13:20,94255.665,7,187.335,503
231,187.423,-0.004826582843064332,187.44,20190319,187.48,1:21 PM,187.34,187.43,-0.004762992029820426,187.44,187.49,187.32,9326347.7357,324,187.36,49759,13:21,233904.515,18,187.34,1248
232,187.442,-0.004725697173077259,187.46,20190319,187.46,1:22 PM,187.4,187.436,-0.004731132551360087,187.47,187.47,187.4,3478617.3204,129,187.44,18559,13:22,131209.5,7,187.435,700
233,187.491,-0.004465518339952742,187.43,20190319,187.55,1:23 PM,187.43,187.481,-0.0044921864629076215,187.44,187.55,187.43,12220206.4309,379,187.48,65181,13:23,820460.06,33,187.47,4376
234,187.437,-0.004752246033600142,187.41,20190319,187.47,1:24 PM,187.41,187.448,-0.00466741359443941,187.41,187.496,187.4,4449643.4082,129,187.44,23738,13:24,176191.05,15,187.42,940
235,187.451,-0.004677909224136101,187.4,20190319,187.48,1:25 PM,187.4,187.437,-0.004725822638283339,187.37,187.48,187.37,2528531.0154,73,187.43,13490,13:25,192699.35,11,187.45,1028
236,187.426,-0.004810653526750664,187.475,20190319,187.475,1:26 PM,187.395,187.424,-0.004794851508280765,187.47,187.475,187.37,3698992.8955,88,187.37,19736,13:26,206543.79,9,187.395,1102
237,187.46,-0.004630121275194792,187.44,20190319,187.48,1:27 PM,187.44,187.478,-0.004508116202137716,187.47,187.503,187.437,2458023.1403,94,187.47,13111,13:27,54363.4,3,187.48,290
238,187.374,-0.00508676167618885,187.34,20190319,187.45,1:28 PM,187.34,187.403,-0.004906359682892026,187.34,187.49,187.34,6973449.5198,134,187.477,37211,13:28,258388.23,9,187.45,1379
239,187.368,-0.005118620308816339,187.33,20190319,187.41,1:29 PM,187.33,187.373,-0.0050656570751937205,187.33,187.425,187.32,4465101.737,126,187.35,23830,13:29,348505.4,17,187.35,1860
240,187.342,-0.0052566743835353565,187.32,20190319,187.36,1:30 PM,187.32,187.34,-0.005240884206725509,187.32,187.37,187.3,4118116.6332,143,187.31,21982,13:30,216379.685,12,187.345,1155
241,187.277,-0.005601809570333278,187.23,20190319,187.3,1:31 PM,187.23,187.253,-0.005702846644400497,187.22,187.315,187.21,7909371.9912,185,187.31,42239,13:31,115362.64,8,187.3,616
242,187.165,-0.006196504046046353,187.1,20190319,187.22,1:32 PM,187.1,187.153,-0.00623383795207276,187.12,187.22,187.08,14478700.3749,411,187.21,77363,13:32,310319.44,18,187.22,1658
243,187.056,-0.006775269205445607,187.08,20190319,187.11,1:33 PM,187.04,187.077,-0.006637391345903668,187.115,187.139,187.04,8458337.547,188,187.12,45213,13:33,407781.56,11,187.11,2180
244,187.177,-0.006132786780791375,187.18,20190319,187.18,1:34 PM,187.17,187.173,-0.006127639690538246,187.16,187.2,187.11,5169344.2647,117,187.12,27618,13:34,56153.0,3,187.17,300
245,187.25,-0.005745173417156902,187.25,20190319,187.31,1:35 PM,187.16,187.254,-0.0056975367313237485,187.26,187.32,187.15,6519795.0987,212,187.155,34818,13:35,168525.5,10,187.16,900
246,187.237,-0.005814200454516486,187.18,20190319,187.3,1:36 PM,187.18,187.255,-0.0056922268182469996,187.225,187.303,187.18,5748742.8837,118,187.27,30700,13:36,142299.8,8,187.3,760
247,187.315,-0.005400038230359131,187.33,20190319,187.33,1:37 PM,187.26,187.299,-0.0054585906428711315,187.33,187.35,187.22,4487678.3846,118,187.23,23960,13:37,134491.88,11,187.26,718
248,187.321,-0.005368179597731643,187.26,20190319,187.37,1:38 PM,187.25,187.302,-0.005442660903641037,187.24,187.38,187.24,7320506.2803,204,187.33,39084,13:38,209050.5,12,187.33,1116
249,187.263,-0.005676146379797318,187.26,20190319,187.29,1:39 PM,187.245,187.275,-0.005586028556712487,187.24,187.316,187.235,4258078.2106,105,187.243,22737,13:39,149810.5,8,187.25,800
250,187.22,-0.005904466580294346,187.21,20190319,187.23,1:40 PM,187.21,187.239,-0.00577718542747452,187.215,187.27,187.21,2477920.5799,102,187.24,13234,13:40,37444.0,2,187.23,200
251,187.126,-0.006403585158124954,187.095,20190319,187.21,1:41 PM,187.095,187.134,-0.006334726300530525,187.09,187.215,187.08,8344865.0553,175,187.21,44593,13:41,127432.805,8,187.21,681
252,187.055,-0.006780578977550214,187.04,20190319,187.07,1:42 PM,187.04,187.06,-0.006727659868207936,187.05,187.094,187.035,4212784.39,128,187.07,22521,13:42,37411.0,2,187.07,200
253,187.053,-0.006791198521759427,187.05,20190319,187.07,1:43 PM,187.04,187.053,-0.006764829259745023,187.06,187.07,187.04,5241422.1533,144,187.055,28021,13:43,164045.77,9,187.06,877
254,187.094,-0.006573497865471612,187.1,20190319,187.12,1:44 PM,187.08,187.094,-0.0065471228235993995,187.09,187.12,187.05,9537095.9338,254,187.055,50975,13:44,355479.0,18,187.09,1900
255,187.05,-0.006807127838073096,187.0,20190319,187.11,1:45 PM,187.0,187.059,-0.006732969781284684,187.015,187.115,187.0,7355925.813,196,187.1,39324,13:45,248776.0,14,187.11,1330
256,187.026,-0.006934562368583051,187.03,20190319,187.05,1:46 PM,186.99,187.006,-0.007014395174350985,187.03,187.05,186.97,12285952.4816,224,187.01,65698,13:46,169820.14,11,187.01,908
257,186.992,-0.007115094620138922,187.03,20190319,187.03,1:47 PM,186.97,186.993,-0.007083424044348411,187.01,187.03,186.964,5289102.0622,124,187.01,28285,13:47,162308.87,10,187.01,868
258,186.991,-0.007120404392243378,186.97,20190319,187.01,1:48 PM,186.97,186.986,-0.007120593435885498,186.97,187.01,186.96,2261780.4388,80,187.01,12096,13:48,130894.0,7,187.01,700
259,187.007,-0.007035448038570124,187.03,20190319,187.03,1:49 PM,186.96,187.017,-0.006955986130507056,187.03,187.05,186.95,7423466.3085,152,186.97,39694,13:49,74803.0,4,186.96,400
260,187.052,-0.0067965082938640335,187.07,20190319,187.08,1:50 PM,187.03,187.069,-0.006679870650517503,187.03,187.09,187.02,8372077.4717,109,187.023,44754,13:50,112043.97,6,187.04,599
261,187.1,-0.006541639232844123,187.09,20190319,187.11,1:51 PM,187.09,187.089,-0.00657367238898299,187.01,187.13,187.01,6153162.8549,159,187.03,32889,13:51,93550.0,5,187.1,500
262,187.002,-0.007061996899093007,187.03,20190319,187.03,1:52 PM,186.98,187.002,-0.007035634826657827,187.04,187.05,186.96,5179953.5982,165,187.02,27700,13:52,133519.19,10,186.98,714
263,187.069,-0.006706242168086174,187.035,20190319,187.09,1:53 PM,187.03,187.082,-0.0066108417805200775,187.02,187.12,187.02,5745087.2429,142,187.02,30709,13:53,130948.5,7,187.03,700
264,187.033,-0.0068973939638511065,187.015,20190319,187.05,1:54 PM,187.015,187.012,-0.006982535695890646,186.98,187.05,186.974,3068500.581,104,187.02,16408,13:54,112220.0,5,187.02,600
265,186.939,-0.007396512541681715,186.905,20190319,186.995,1:55 PM,186.88,186.927,-0.007433878307412138,186.905,187.0,186.88,6374570.4475,184,186.98,34102,13:55,339481.455,19,186.97,1816
266,186.875,-0.007736337956374879,186.87,20190319,186.9,1:56 PM,186.86,186.868,-0.0077471631789387775,186.9,186.905,186.84,8206313.3744,174,186.905,43915,13:56,151928.99,8,186.9,813
267,186.965,-0.0072584584669625465,187.01,20190319,187.045,1:57 PM,186.9,186.947,-0.007327680045877625,187.047,187.05,186.9,23056048.95,209,186.901,123329,13:57,281382.42,16,186.91,1505
268,187.081,-0.006642524902831196,187.08,20190319,187.11,1:58 PM,187.01,187.087,-0.006584292215136486,187.06,187.13,187.01,9407662.3362,248,187.04,50285,13:58,168373.0,9,187.01,900
269,187.06,-0.006754030117027332,187.06,20190319,187.08,1:59 PM,187.04,187.05,-0.006780758998975117,187.07,187.082,187.0,5223002.6289,138,187.05,27923,13:59,115228.96,7,187.05,616
270,187.149,-0.0062814603997196055,187.17,20190319,187.19,2 PM,187.06,187.134,-0.006334726300530525,187.17,187.19,187.05,6122100.4874,176,187.06,32715,14:00,69432.115,6,187.06,371
271,187.167,-0.006185884501837139,187.17,20190319,187.2,2:01 PM,187.13,187.158,-0.0062072883866891694,187.16,187.21,187.12,7548461.722,150,187.17,40332,14:01,121845.4,8,187.16,651
272,187.113,-0.006472612195484538,187.105,20190319,187.165,2:02 PM,187.09,187.117,-0.006424994822834792,187.14,187.165,187.07,4097668.6946,147,187.151,21899,14:02,243247.5,13,187.165,1300
273,187.167,-0.006185884501837139,187.185,20190319,187.185,2:03 PM,187.15,187.177,-0.006106400038231405,187.16,187.19,187.15,4755601.1136,76,187.15,25407,14:03,77112.6,6,187.15,412
274,187.192,-0.006053140199222577,187.24,20190319,187.24,2:04 PM,187.16,187.2,-0.005984272037466798,187.225,187.245,187.15,11277651.3432,296,187.175,60244,14:04,80679.89,5,187.19,431
275,187.256,-0.005713314784529413,187.2,20190319,187.28,2:05 PM,187.2,187.243,-0.005755945775167678,187.209,187.28,187.2,8857547.7503,211,187.23,47305,14:05,94751.36,7,187.24,506
276,187.19,-0.00606375974343179,187.16,20190319,187.2,2:06 PM,187.16,187.195,-0.006010821602850388,187.147,187.21,187.14,6187718.0232,109,187.205,33055,14:06,122609.45,7,187.19,655
277,187.14,-0.006329248348660914,187.14,20190319,187.15,2:07 PM,187.14,187.16,-0.006196668560535672,187.17,187.207,187.13,5494828.2704,76,187.13,29359,14:07,19275.45,2,187.15,103
278,187.153,-0.00626022131130133,187.11,20190319,187.2,2:08 PM,187.11,187.107,-0.006478093953601973,187.03,187.195,187.03,5389242.8167,136,187.17,28803,14:08,42670.98,4,187.2,228
279,187.02,-0.00696642100121054,187.09,20190319,187.09,2:09 PM,186.98,187.018,-0.0069506762174303075,187.11,187.13,186.97,7592179.509,188,187.031,40596,14:09,251168.05,14,187.03,1343
280,187.076,-0.006669073763354078,187.07,20190319,187.14,2:10 PM,187.03,187.068,-0.0066851805635941,187.07,187.14,187.01,5110507.5193,186,187.108,27319,14:10,226549.235,14,187.135,1211
281,187.021,-0.006961111229106085,186.93,20190319,187.08,2:11 PM,186.93,187.009,-0.006998465435120891,186.93,187.08,186.93,7848582.0014,217,187.08,41969,14:11,292688.25,17,187.06,1565
282,186.912,-0.007539876388505339,186.93,20190319,186.93,2:12 PM,186.9,186.901,-0.0075719360474068385,186.925,186.96,186.88,8067035.8063,112,186.947,43162,14:12,186912.0,9,186.9,1000
283,186.933,-0.007428371174309204,186.95,20190319,186.95,2:13 PM,186.92,186.951,-0.007306440393570783,187.0,187.01,186.88,6256129.1792,158,186.93,33464,14:13,60192.545,7,186.93,322
284,187.007,-0.007035448038570124,187.0,20190319,187.02,2:14 PM,186.99,187.008,-0.0070037753481974885,187.02,187.026,186.98,4358234.245,141,187.014,23305,14:14,201406.435,13,187.01,1077
285,186.97,-0.007231909606439664,186.98,20190319,186.98,2:15 PM,186.95,186.977,-0.007168382653575931,186.96,187.02,186.94,2979108.6142,107,187.02,15933,14:15,56091.0,3,186.95,300
286,186.9,-0.007603593653760317,186.88,20190319,186.93,2:16 PM,186.88,186.895,-0.007603795525867178,186.879,186.96,186.84,5540685.3117,171,186.96,29646,14:16,74760.0,4,186.93,400
287,186.97,-0.007231909606439664,187.01,20190319,187.02,2:17 PM,186.89,186.937,-0.007380779176644806,187.01,187.02,186.87,5327889.8349,179,186.89,28501,14:17,157054.45,11,186.89,840
288,186.996,-0.007093855531720495,187.01,20190319,187.04,2:18 PM,186.93,186.994,-0.007078114131271663,187.01,187.04,186.93,4969000.0961,142,187.01,26573,14:18,359219.625,43,187.01,1921
289,187.017,-0.00698235031752436,187.01,20190319,187.05,2:19 PM,187.0,187.013,-0.006977225782813898,187.01,187.06,186.95,4466056.3633,147,187.02,23881,14:19,168502.03,11,187.03,901
290,187.001,-0.007067306671197613,187.03,20190319,187.03,2:20 PM,186.98,187.004,-0.007025015000504482,187.03,187.04,186.98,4153544.8498,138,187.0,22211,14:20,224401.0,12,187.0,1200
291,187.017,-0.00698235031752436,186.99,20190319,187.03,2:21 PM,186.99,187.006,-0.007014395174350985,186.96,187.05,186.96,3879620.269,137,187.03,20746,14:21,431261.62,13,187.02,2306
292,186.979,-0.007184121657498355,187.05,20190319,187.05,2:22 PM,186.94,186.973,-0.007189622305882773,187.06,187.06,186.93,3190327.0807,88,186.96,17063,14:22,89002.04,7,186.94,476
293,187.014,-0.0069982796338380285,186.99,20190319,187.07,2:23 PM,186.98,186.996,-0.0070674943051181665,186.97,187.08,186.96,8075806.1655,225,187.08,43187,14:23,243118.0,13,187.07,1300
294,187.01,-0.007019518722256456,187.0,20190319,187.03,2:24 PM,187.0,186.999,-0.007051564565888072,186.99,187.03,186.96,3290987.3207,132,186.98,17599,14:24,131281.02,9,187.0,702
295,187.051,-0.0068018180659686405,187.1,20190319,187.1,2:25 PM,187.0,187.038,-0.006844477955895795,187.09,187.1,186.99,10824099.4203,200,186.99,57871,14:25,416188.0,21,187.0,2225
296,187.132,-0.006371726525497465,187.15,20190319,187.17,2:26 PM,187.09,187.127,-0.0063718956920674604,187.15,187.17,187.09,6468247.4639,157,187.097,34566,14:26,176465.59,10,187.09,943
297,187.175,-0.006143406325000437,187.12,20190319,187.2,2:27 PM,187.12,187.168,-0.0061541892559218376,187.12,187.203,187.119,7547910.7866,226,187.16,40327,14:27,167334.6,13,187.17,894
298,187.142,-0.006318628804451701,187.14,20190319,187.17,2:28 PM,187.11,187.135,-0.006329416387453776,187.19,187.19,187.093,5843673.7746,119,187.13,31227,14:28,149713.5,8,187.13,800
299,187.163,-0.006207123590255415,187.15,20190319,187.19,2:29 PM,187.15,187.169,-0.006148879342845089,187.14,187.19,187.14,4897641.2494,190,187.19,26167,14:29,205879.0,11,187.16,1100
300,187.178,-0.006127477008686768,187.16,20190319,187.21,2:30 PM,187.16,187.191,-0.0060320612551572304,187.15,187.23,187.147,8245024.8618,207,187.16,44046,14:30,215254.5,10,187.16,1150
301,187.177,-0.006132786780791375,187.185,20190319,187.185,2:31 PM,187.16,187.177,-0.006106400038231405,187.188,187.195,187.15,2581352.5526,104,187.15,13791,14:31,58024.75,4,187.16,310
302,187.186,-0.006084998831850066,187.17,20190319,187.215,2:32 PM,187.15,187.184,-0.006069230646694317,187.166,187.237,187.149,6154425.134,151,187.19,32879,14:32,131030.0,7,187.215,700
303,187.149,-0.0062814603997196055,187.12,20190319,187.18,2:33 PM,187.1,187.139,-0.006308176735146783,187.12,187.19,187.09,5151759.6,160,187.17,27529,14:33,187149.0,10,187.18,1000
304,187.185,-0.006090308603954673,187.19,20190319,187.21,2:34 PM,187.15,187.153,-0.00623383795207276,187.19,187.21,187.11,7371785.7396,181,187.11,39389,14:34,74874.0,3,187.15,400
305,187.208,-0.005968183845549324,187.23,20190319,187.23,2:35 PM,187.19,187.202,-0.0059736522113133005,187.23,187.24,187.18,4595821.5986,145,187.2,24550,14:35,134041.02,8,187.2,716
306,187.298,-0.005490304356136991,187.3,20190319,187.32,2:36 PM,187.24,187.284,-0.005538239339022054,187.3,187.33,187.24,21644202.8479,275,187.24,115569,14:36,221386.01,12,187.24,1182
307,187.342,-0.0052566743835353565,187.33,20190319,187.36,2:37 PM,187.28,187.328,-0.005304603163646186,187.314,187.37,187.28,10153953.4845,210,187.3,54204,14:37,258718.98,15,187.28,1381
308,187.376,-0.005076142131979636,187.41,20190319,187.41,2:38 PM,187.34,187.362,-0.00512406611903765,187.409,187.41,187.32,5049582.2878,119,187.32,26951,14:38,103056.735,7,187.35,550
309,187.347,-0.005230125523012474,187.34,20190319,187.35,2:39 PM,187.34,187.355,-0.005161235510574736,187.33,187.405,187.3,3003116.7588,106,187.402,16029,14:39,74939.0,4,187.35,400
310,187.326,-0.00534163073720876,187.32,20190319,187.33,2:40 PM,187.32,187.333,-0.005278053598262595,187.32,187.35,187.313,2884185.5533,90,187.33,15396,14:40,93663.0,5,187.33,500
311,187.385,-0.005028354183038479,187.37,20190319,187.39,2:41 PM,187.37,187.364,-0.005113446292884153,187.376,187.39,187.31,4099337.6528,119,187.312,21879,14:41,75141.37,5,187.38,401
312,187.355,-0.005187647346175923,187.35,20190319,187.37,2:42 PM,187.35,187.384,-0.0050072480313497906,187.447,187.447,187.35,5587605.2263,139,187.378,29819,14:42,38407.85,3,187.37,205
313,187.45,-0.004683218996240708,187.47,20190319,187.47,2:43 PM,187.44,187.447,-0.004672723507516158,187.45,187.47,187.423,5026193.9492,140,187.444,26814,14:43,93725.0,5,187.44,500
314,187.469,-0.004582333326253635,187.47,20190319,187.48,2:44 PM,187.46,187.479,-0.004502806289060967,187.46,187.49,187.45,7655706.6159,172,187.46,40835,14:44,149975.0,8,187.46,800
315,187.478,-0.004534545377312326,187.485,20190319,187.485,2:45 PM,187.46,187.473,-0.004534665767521306,187.455,187.49,187.45,2989069.123,105,187.48,15944,14:45,319274.445,15,187.47,1703
316,187.417,-0.004858441475691821,187.45,20190319,187.45,2:46 PM,187.4,187.409,-0.004874500204431687,187.45,187.45,187.38,5489771.8709,169,187.45,29293,14:46,168675.5,9,187.41,900
317,187.458,-0.0046407408194040056,187.45,20190319,187.48,2:47 PM,187.44,187.464,-0.00458245498521189,187.43,187.49,187.43,3974618.114,104,187.44,21202,14:47,126534.0,8,187.44,675
318,187.491,-0.004465518339952742,187.51,20190319,187.51,2:48 PM,187.44,187.484,-0.004476256723677376,187.5,187.517,187.437,4155020.4095,124,187.437,22162,14:48,188428.7,11,187.44,1005
319,187.466,-0.004598262642567304,187.43,20190319,187.51,2:49 PM,187.43,187.468,-0.004561215332905048,187.44,187.51,187.42,4616394.8115,142,187.5,24625,14:49,142474.4,8,187.49,760
320,187.396,-0.004969946689888108,187.39,20190319,187.43,2:50 PM,187.37,187.387,-0.004991318292119546,187.39,187.43,187.36,6263601.9058,170,187.43,33426,14:50,281093.5,15,187.43,1500
321,187.411,-0.00489030010831931,187.41,20190319,187.445,2:51 PM,187.38,187.394,-0.004954148900582459,187.42,187.45,187.35,3347975.0615,113,187.38,17866,14:51,160986.44,10,187.38,859
322,187.394,-0.00498056623409717,187.41,20190319,187.41,2:52 PM,187.37,187.404,-0.004901049769815278,187.417,187.43,187.37,5487184.0352,181,187.42,29280,14:52,131176.0,7,187.41,700
323,187.387,-0.005017734638829266,187.38,20190319,187.4,2:53 PM,187.38,187.381,-0.005023177770579885,187.4,187.42,187.33,4509144.5718,171,187.41,24064,14:53,164525.67,10,187.38,878
324,187.444,-0.004715077628868197,187.47,20190319,187.47,2:54 PM,187.4,187.459,-0.0046090045505954805,187.495,187.5,187.4,3516919.861,109,187.4,18761,14:54,89223.4,6,187.4,476
325,187.474,-0.004555784465730753,187.45,20190319,187.49,2:55 PM,187.45,187.473,-0.004534665767521306,187.45,187.5,187.45,3039871.6424,120,187.49,16215,14:55,161040.14,9,187.49,859
326,187.419,-0.004847821931482608,187.36,20190319,187.475,2:56 PM,187.36,187.433,-0.004747062290590332,187.365,187.48,187.35,5819240.5013,183,187.457,31047,14:56,300620.38,15,187.475,1604
327,187.411,-0.00489030010831931,187.47,20190319,187.47,2:57 PM,187.35,187.405,-0.00489573985673853,187.485,187.485,187.35,6719957.9903,183,187.37,35858,14:57,178040.5,9,187.35,950
328,187.423,-0.004826582843064332,187.35,20190319,187.48,2:58 PM,187.35,187.408,-0.004879810117508435,187.36,187.48,187.33,13705121.5773,350,187.48,73130,14:58,387590.2,23,187.48,2068
329,187.335,-0.005293842788267451,187.3,20190319,187.4,2:59 PM,187.29,187.316,-0.005368322120566864,187.3,187.4,187.25,13823210.9452,285,187.363,73796,14:59,318657.32,17,187.38,1701
330,187.288,-0.005543402077182756,187.29,20190319,187.32,3 PM,187.25,187.286,-0.005527619512868558,187.28,187.32,187.25,8366636.615,222,187.31,44673,15:00,299661.0,16,187.31,1600
331,187.182,-0.006106237920268492,187.13,20190319,187.23,3:01 PM,187.11,187.18,-0.0060904702990011595,187.115,187.26,187.104,8728416.1832,253,187.26,46631,15:01,280773.0,15,187.23,1500
332,187.132,-0.006371726525497465,187.09,20190319,187.17,3:02 PM,187.09,187.137,-0.0063187965613002795,187.11,187.173,187.09,7966819.5272,211,187.115,42572,15:02,210711.13,13,187.12,1126
333,187.145,-0.006302699488137881,187.14,20190319,187.17,3:03 PM,187.12,187.154,-0.006228528038996011,187.16,187.19,187.11,8968958.5216,189,187.12,47923,15:03,185273.6,10,187.12,990
334,187.152,-0.006265531083405937,187.19,20190319,187.19,3:04 PM,187.13,187.163,-0.006180738821305428,187.22,187.22,187.11,7034721.7744,233,187.16,37586,15:04,165629.65,9,187.16,885
335,187.283,-0.005569950937705789,187.27,20190319,187.32,3:05 PM,187.24,187.275,-0.005586028556712487,187.29,187.33,187.22,8837687.7624,251,187.23,47191,15:05,181477.24,13,187.25,969
336,187.264,-0.005670836607692711,187.27,20190319,187.29,3:06 PM,187.25,187.256,-0.0056869169051702514,187.25,187.29,187.24,5652705.7286,164,187.29,30187,15:06,132957.7,8,187.29,710
337,187.241,-0.00579296136609806,187.27,20190319,187.27,3:07 PM,187.23,187.255,-0.0056922268182469996,187.265,187.274,187.23,3923927.907,136,187.25,20955,15:07,102982.69,8,187.25,550
338,187.188,-0.0060743792876410034,187.15,20190319,187.23,3:08 PM,187.15,187.205,-0.005957722472083056,187.16,187.26,187.15,6016948.861,158,187.26,32141,15:08,75062.23,7,187.23,401
339,187.19,-0.00606375974343179,187.16,20190319,187.21,3:09 PM,187.16,187.187,-0.006053300907464073,187.17,187.24,187.15,10850684.638,270,187.16,57967,15:09,150126.42,9,187.21,802
340,187.16,-0.006223052906569234,187.13,20190319,187.185,3:10 PM,187.13,187.158,-0.0062072883866891694,187.12,187.2,187.11,7397602.4333,209,187.18,39526,15:10,131012.0,6,187.185,700
341,187.154,-0.006254911539196723,187.19,20190319,187.19,3:11 PM,187.12,187.144,-0.006281627169763193,187.18,187.2,187.09,6745218.7432,148,187.13,36043,15:11,83096.38,5,187.145,444
342,187.138,-0.006339867892869977,187.16,20190319,187.18,3:12 PM,187.1,187.13,-0.006355965952837366,187.15,187.19,187.09,4120425.6,130,187.18,22019,15:12,115651.24,10,187.18,618
343,187.035,-0.006886774419641893,187.01,20190319,187.16,3:13 PM,187.0,187.033,-0.006871027521279536,187.02,187.16,186.99,12418053.2292,328,187.16,66395,15:13,224442.0,12,187.16,1200
344,187.004,-0.0070513773548839444,187.02,20190319,187.02,3:14 PM,186.99,186.997,-0.0070621843920414176,187.02,187.03,186.965,5434700.155,145,187.03,29063,15:14,109584.08,8,187.02,586
345,187.022,-0.006955801457001478,187.1,20190319,187.1,3:15 PM,186.99,187.063,-0.006711730128977842,187.09,187.11,186.99,8594242.4133,212,187.02,45943,15:15,192632.15,11,187.01,1030
346,187.014,-0.0069982796338380285,186.98,20190319,187.06,3:16 PM,186.97,187.001,-0.007040944739734575,186.98,187.092,186.95,14979499.645,325,187.09,80104,15:16,205715.5,8,187.06,1100
347,187.016,-0.006987660089628966,187.09,20190319,187.09,3:17 PM,186.96,187.013,-0.006977225782813898,187.1,187.1,186.95,5818900.4506,189,187.0,31115,15:17,100053.74,8,187.02,535
348,187.077,-0.006663763991249472,187.06,20190319,187.1,3:18 PM,187.05,187.053,-0.006764829259745023,187.02,187.101,187.011,8172892.9704,238,187.1,43693,15:18,113181.5,7,187.09,605
349,187.0,-0.00707261644330222,187.01,20190319,187.02,3:19 PM,186.98,187.0,-0.007046254652811324,187.01,187.03,186.975,6599236.7544,177,187.01,35290,15:19,93500.0,5,187.02,500
350,186.919,-0.007502707983773243,186.9,20190319,187.01,3:20 PM,186.86,186.916,-0.007492287351256067,186.93,187.015,186.86,13372703.5966,310,187.01,71544,15:20,263555.6,16,187.01,1410
351,186.903,-0.007587664337446648,186.94,20190319,186.94,3:21 PM,186.88,186.935,-0.007391399002798302,186.92,186.98,186.872,6620103.8885,196,186.95,35414,15:21,56071.0,3,186.89,300
352,186.874,-0.007741647728479486,186.85,20190319,186.89,3:22 PM,186.85,186.876,-0.007704683874324943,186.84,186.927,186.84,6520464.1053,200,186.92,34892,15:22,257886.6,13,186.89,1380
353,186.756,-0.008368200836820048,186.69,20190319,186.87,3:23 PM,186.68,186.766,-0.008288774312764537,186.69,186.876,186.65,15219552.8174,340,186.86,81490,15:23,138013.09,9,186.86,739
354,186.636,-0.009005373489369826,186.61,20190319,186.66,3:24 PM,186.61,186.618,-0.009074641448119512,186.6,186.68,186.57,11815936.204,338,186.68,63316,15:24,94624.5,7,186.66,507
355,186.48,-0.009833697937684535,186.54,20190319,186.55,3:25 PM,186.41,186.488,-0.009764930148093468,186.55,186.59,186.41,18138895.4806,478,186.59,97266,15:25,281771.73,15,186.55,1511
356,186.565,-0.009382367308795086,186.605,20190319,186.605,3:26 PM,186.52,186.562,-0.009371996580415907,186.61,186.62,186.5,9067283.7224,228,186.554,48602,15:26,173319.05,13,186.52,929
357,186.62,-0.00909032984304308,186.645,20190319,186.665,3:27 PM,186.6,186.636,-0.008979063012738495,186.635,186.673,186.6,5514534.6264,160,186.62,29547,15:27,510778.17,17,186.6,2737
358,186.634,-0.009015993033579039,186.625,20190319,186.68,3:28 PM,186.62,-1.0,-1.005309913076723,,-1.0,-1.0,0.0,0,,0,15:28,1151345.41,24,186.635,6169
359,186.587,-0.009265552322494344,186.57,20190319,186.64,3:29 PM,186.54,-1.0,-1.005309913076723,,-1.0,-1.0,0.0,0,,0,15:29,203379.825,11,186.64,1090
360,186.472,-0.009876176114521087,186.45,20190319,186.53,3:30 PM,186.43,-1.0,-1.005309913076723,,-1.0,-1.0,0.0,0,,0,15:30,245770.805,14,186.53,1318
361,186.432,-0.010088566998704446,186.49,20190319,186.525,3:31 PM,186.39,-1.0,-1.005309913076723,,-1.0,-1.0,0.0,0,,0,15:31,388151.875,18,186.44,2082
362,186.596,-0.009217764373553034,186.71,20190319,186.71,3:32 PM,186.47,-1.0,-1.005309913076723,,-1.0,-1.0,0.0,0,,0,15:32,705891.235,45,186.48,3783
363,186.704,-0.008644308986258235,186.71,20190319,186.73,3:33 PM,186.675,-1.0,-1.005309913076723,,-1.0,-1.0,0.0,0,,0,15:33,241781.45,14,186.73,1295
364,186.719,-0.008564662404689588,186.77,20190319,186.77,3:34 PM,186.68,-1.0,-1.005309913076723,,-1.0,-1.0,0.0,0,,0,15:34,247775.935,17,186.69,1327
365,186.62,-0.00909032984304308,186.55,20190319,186.73,3:35 PM,186.5,-1.0,-1.005309913076723,,-1.0,-1.0,0.0,0,,0,15:35,301951.66,19,186.72,1618
366,186.576,-0.009323959815644715,186.56,20190319,186.62,3:36 PM,186.52,-1.0,-1.005309913076723,,-1.0,-1.0,0.0,0,,0,15:36,342740.82,20,186.53,1837
367,186.552,-0.00945139434615467,186.53,20190319,186.62,3:37 PM,186.5,-1.0,-1.005309913076723,,-1.0,-1.0,0.0,0,,0,15:37,323854.23,22,186.58,1736
368,186.465,-0.009913344519253181,186.46,20190319,186.545,3:38 PM,186.425,-1.0,-1.005309913076723,,-1.0,-1.0,0.0,0,,0,15:38,175836.415,15,186.52,943
369,186.413,-0.010189452668691368,186.365,20190319,186.48,3:39 PM,186.365,-1.0,-1.005309913076723,,-1.0,-1.0,0.0,0,,0,15:39,388298.195,18,186.48,2083
370,186.247,-0.011070874838051843,186.15,20190319,186.33,3:40 PM,186.15,-1.0,-1.005309913076723,,-1.0,-1.0,0.0,0,,0,15:40,237465.12,15,186.32,1275
371,186.139,-0.011644330225346642,186.14,20190319,186.18,3:41 PM,186.1,-1.0,-1.005309913076723,,-1.0,-1.0,0.0,0,,0,15:41,197866.375,14,186.15,1063
372,186.142,-0.011628400909032973,186.16,20190319,186.18,3:42 PM,186.09,-1.0,-1.005309913076723,,-1.0,-1.0,0.0,0,,0,15:42,673649.39,28,186.1,3619
